<?xml version="1.0" encoding="UTF-8" standalone="no"?>
<class>
    <student>
        <nume>Mihnea</nume>
        <grupa>224</grupa>
        <email>mihnea@gmail.com</email>
        <cadru_didactic>Serban Camelia</cadru_didactic>
    </student>
    <student>
        <nume>George</nume>
        <grupa>221</grupa>
        <email>george@gmail.com</email>
        <cadru_didactic>Lascu Roxana</cadru_didactic>
    </student>
    <student>
        <nume>Serban</nume>
        <grupa>224</grupa>
        <email>serban@gmail.com</email>
        <cadru_didactic>Stefan Berinde</cadru_didactic>
    </student>
    <student>
        <nume>Mihai</nume>
        <grupa>223</grupa>
        <email>alex@gmail.com</email>
        <cadru_didactic>Gabi Mircea</cadru_didactic>
    </student>
</class>
